Mã tổ hợp,Tổ hợp môn,Mã trường,Tên trường,Phương thức,Tên ngành,Tổ hợp xét tuyển,Điểm chuẩn 2025,Điểm chuẩn 2024,Điểm chuẩn 2023
A00,Toán – Lý – Hóa,BKH,Trường ĐH Bách Khoa Hà Nội,Điểm thi THPT,Vật lý học,A00,20.45,20.13,23.07
A00,Toán – Lý – Hóa,BKH,Trường ĐH Bách Khoa Hà Nội,ĐGNL,Vật lý học,A00,23.46,22.5,
A00,Toán – Lý – Hóa,BKH,Trường ĐH Bách Khoa Hà Nội,Học bạ,Kinh doanh quốc tế,A00,20.53,27.18,21.73
A00,Toán – Lý – Hóa,BKH,Trường ĐH Bách Khoa Hà Nội,Điểm thi THPT,Kinh doanh quốc tế,A00,,27.39,27.21
A00,Toán – Lý – Hóa,BKH,Trường ĐH Bách Khoa Hà Nội,ĐGNL,Dược học,A00,21.89,23.23,21.2
A00,Toán – Lý – Hóa,BKH,Trường ĐH Bách Khoa Hà Nội,Học bạ,Toán học,A00,25.31,26.44,18.39
A00,Toán – Lý – Hóa,BKH,Trường ĐH Bách Khoa Hà Nội,ĐGNL,Khoa học máy tính,A00,18.28,21.47,25.54
A00,Toán – Lý – Hóa,BKH,Trường ĐH Bách Khoa Hà Nội,Học bạ,Khoa học máy tính,A00,19.68,20.03,24.28
A00,Toán – Lý – Hóa,BKH,Trường ĐH Bách Khoa Hà Nội,Học bạ,Tài chính – Ngân hàng,A00,18.55,21.4,20.55
A00,Toán – Lý – Hóa,BKH,Trường ĐH Bách Khoa Hà Nội,Điểm thi THPT,Tài chính – Ngân hàng,A00,,18.47,28.67
A00,Toán – Lý – Hóa,BKH,Trường ĐH Bách Khoa Hà Nội,Điểm thi THPT,Điều dưỡng,A00,,22.42,27.51
A00,Toán – Lý – Hóa,BKH,Trường ĐH Bách Khoa Hà Nội,Học bạ,Điều dưỡng,A00,23.73,18.78,23.34
A00,Toán – Lý – Hóa,NTH,Trường ĐH Ngoại Thương,Điểm thi THPT,Kinh tế quốc tế,A00,27.24,26.16,18.02
A00,Toán – Lý – Hóa,NTH,Trường ĐH Ngoại Thương,Học bạ,Kinh tế quốc tế,A00,,29.24,21.93
A00,Toán – Lý – Hóa,NTH,Trường ĐH Ngoại Thương,Học bạ,Kế toán – Kiểm toán,A00,29.33,25.32,23.81
A00,Toán – Lý – Hóa,NTH,Trường ĐH Ngoại Thương,Điểm thi THPT,Kế toán – Kiểm toán,A00,24.4,21.85,22.04
A00,Toán – Lý – Hóa,NTH,Trường ĐH Ngoại Thương,Điểm thi THPT,Khoa học máy tính,A00,25.55,26.58,18.47
A00,Toán – Lý – Hóa,NEU,Trường ĐH Kinh Tế Quốc Dân,ĐGNL,Tài chính – Ngân hàng,A00,20.35,21.33,25.09
A00,Toán – Lý – Hóa,NEU,Trường ĐH Kinh Tế Quốc Dân,Học bạ,Điều dưỡng,A00,25.79,19.23,24.91
A00,Toán – Lý – Hóa,NEU,Trường ĐH Kinh Tế Quốc Dân,ĐGNL,Điều dưỡng,A00,,24.7,23.04
A00,Toán – Lý – Hóa,NEU,Trường ĐH Kinh Tế Quốc Dân,ĐGNL,Toán học,A00,26.23,24.08,21.05
A00,Toán – Lý – Hóa,NEU,Trường ĐH Kinh Tế Quốc Dân,Học bạ,Luật thương mại quốc tế,A00,29.41,24.29,21.92
A00,Toán – Lý – Hóa,NEU,Trường ĐH Kinh Tế Quốc Dân,ĐGNL,Luật thương mại quốc tế,A00,27.29,26.63,22.96
A00,Toán – Lý – Hóa,NEU,Trường ĐH Kinh Tế Quốc Dân,Học bạ,Marketing,A00,19.82,,24.22
A00,Toán – Lý – Hóa,NEU,Trường ĐH Kinh Tế Quốc Dân,ĐGNL,Marketing,A00,,28.17,25.09
A00,Toán – Lý – Hóa,NEU,Trường ĐH Kinh Tế Quốc Dân,Học bạ,Khoa học máy tính,A00,,,20.48
A00,Toán – Lý – Hóa,NEU,Trường ĐH Kinh Tế Quốc Dân,Điểm thi THPT,Khoa học máy tính,A00,18.47,22.15,22.54
A00,Toán – Lý – Hóa,NEU,Trường ĐH Kinh Tế Quốc Dân,ĐGNL,Y đa khoa,A00,25.3,29.33,24.14
A00,Toán – Lý – Hóa,HMU,Trường ĐH Y Hà Nội,Điểm thi THPT,Quản trị kinh doanh,A00,20.72,,27.02
A00,Toán – Lý – Hóa,HMU,Trường ĐH Y Hà Nội,Điểm thi THPT,Hóa học,A00,25.14,,25.72
A00,Toán – Lý – Hóa,HMU,Trường ĐH Y Hà Nội,Học bạ,Logistics,A00,21.25,26.53,25.71
A00,Toán – Lý – Hóa,HMU,Trường ĐH Y Hà Nội,Điểm thi THPT,Logistics,A00,23.42,20.47,27.55
A00,Toán – Lý – Hóa,HMU,Trường ĐH Y Hà Nội,Học bạ,Luật thương mại quốc tế,A00,28.08,21.44,23.15
A00,Toán – Lý – Hóa,HMU,Trường ĐH Y Hà Nội,ĐGNL,Luật thương mại quốc tế,A00,21.7,28.61,26.59
A00,Toán – Lý – Hóa,FTU,Trường ĐH Ngoại Thương TP.HCM,Học bạ,Kỹ thuật phần mềm,A00,23.0,28.83,22.54
A00,Toán – Lý – Hóa,FTU,Trường ĐH Ngoại Thương TP.HCM,Học bạ,Kinh tế số,A00,21.84,23.07,25.51
A00,Toán – Lý – Hóa,FTU,Trường ĐH Ngoại Thương TP.HCM,Điểm thi THPT,Luật thương mại quốc tế,A00,21.78,25.51,
A00,Toán – Lý – Hóa,FTU,Trường ĐH Ngoại Thương TP.HCM,ĐGNL,Luật thương mại quốc tế,A00,24.22,25.71,23.34
A00,Toán – Lý – Hóa,FTU,Trường ĐH Ngoại Thương TP.HCM,Điểm thi THPT,Kinh doanh quốc tế,A00,28.22,21.66,22.36
A00,Toán – Lý – Hóa,FTU,Trường ĐH Ngoại Thương TP.HCM,ĐGNL,Kinh doanh quốc tế,A00,27.32,21.31,23.4
A00,Toán – Lý – Hóa,FTU,Trường ĐH Ngoại Thương TP.HCM,ĐGNL,Kinh tế quốc tế,A00,22.93,26.88,27.99
A00,Toán – Lý – Hóa,FTU,Trường ĐH Ngoại Thương TP.HCM,Điểm thi THPT,Khoa học máy tính,A00,19.94,26.67,18.96
A00,Toán – Lý – Hóa,FTU,Trường ĐH Ngoại Thương TP.HCM,Học bạ,Khoa học máy tính,A00,23.98,27.27,27.81
A00,Toán – Lý – Hóa,FTU,Trường ĐH Ngoại Thương TP.HCM,ĐGNL,Điều dưỡng,A00,19.46,22.98,24.55
A00,Toán – Lý – Hóa,FTU,Trường ĐH Ngoại Thương TP.HCM,ĐGNL,Tài chính – Ngân hàng,A00,21.17,21.61,27.79
A00,Toán – Lý – Hóa,FTU,Trường ĐH Ngoại Thương TP.HCM,Học bạ,Tài chính – Ngân hàng,A00,25.95,20.19,26.81
A00,Toán – Lý – Hóa,UEH,Trường ĐH Kinh Tế TP.HCM,Điểm thi THPT,Luật thương mại quốc tế,A00,21.57,21.04,29.27
A00,Toán – Lý – Hóa,UEH,Trường ĐH Kinh Tế TP.HCM,ĐGNL,Dược học,A00,27.4,,27.64
A00,Toán – Lý – Hóa,UEH,Trường ĐH Kinh Tế TP.HCM,Học bạ,Dược học,A00,25.37,26.4,18.33
A00,Toán – Lý – Hóa,UEH,Trường ĐH Kinh Tế TP.HCM,ĐGNL,Vật lý học,A00,19.53,21.58,18.77
A00,Toán – Lý – Hóa,UEH,Trường ĐH Kinh Tế TP.HCM,ĐGNL,Tài chính – Ngân hàng,A00,19.58,29.44,27.33
A00,Toán – Lý – Hóa,UEH,Trường ĐH Kinh Tế TP.HCM,Điểm thi THPT,Khoa học máy tính,A00,20.32,28.3,22.02
A00,Toán – Lý – Hóa,UEH,Trường ĐH Kinh Tế TP.HCM,ĐGNL,Khoa học máy tính,A00,26.38,27.69,22.34
A00,Toán – Lý – Hóa,VNU,Trường ĐH Quốc Gia Hà Nội,ĐGNL,Khoa học máy tính,A00,,24.02,22.43
A00,Toán – Lý – Hóa,VNU,Trường ĐH Quốc Gia Hà Nội,ĐGNL,Kỹ thuật phần mềm,A00,,29.18,18.38
A00,Toán – Lý – Hóa,VNU,Trường ĐH Quốc Gia Hà Nội,Điểm thi THPT,Kỹ thuật phần mềm,A00,27.21,,20.59
A00,Toán – Lý – Hóa,VNU,Trường ĐH Quốc Gia Hà Nội,ĐGNL,Luật thương mại quốc tế,A00,28.84,25.48,21.34
A00,Toán – Lý – Hóa,VNU,Trường ĐH Quốc Gia Hà Nội,ĐGNL,Toán học,A00,23.4,22.12,19.98
A00,Toán – Lý – Hóa,VNU,Trường ĐH Quốc Gia Hà Nội,ĐGNL,Logistics,A00,,23.74,24.3
A00,Toán – Lý – Hóa,VNU,Trường ĐH Quốc Gia Hà Nội,Điểm thi THPT,Logistics,A00,20.73,21.33,26.74
A00,Toán – Lý – Hóa,VNU,Trường ĐH Quốc Gia Hà Nội,ĐGNL,Y đa khoa,A00,20.58,18.1,28.37
A00,Toán – Lý – Hóa,VNU,Trường ĐH Quốc Gia Hà Nội,Điểm thi THPT,Y đa khoa,A00,28.92,27.23,21.39
A00,Toán – Lý – Hóa,VNU,Trường ĐH Quốc Gia Hà Nội,ĐGNL,Kế toán – Kiểm toán,A00,24.37,23.83,23.07
A00,Toán – Lý – Hóa,VNU,Trường ĐH Quốc Gia Hà Nội,Điểm thi THPT,Kế toán – Kiểm toán,A00,19.14,20.42,20.82
A00,Toán – Lý – Hóa,HUS,Trường ĐH Khoa Học Tự Nhiên,Điểm thi THPT,Quản trị kinh doanh,A00,21.71,27.73,27.84
A00,Toán – Lý – Hóa,HUS,Trường ĐH Khoa Học Tự Nhiên,ĐGNL,Quản trị kinh doanh,A00,21.92,24.16,26.41
A00,Toán – Lý – Hóa,HUS,Trường ĐH Khoa Học Tự Nhiên,ĐGNL,Marketing,A00,,,20.29
A00,Toán – Lý – Hóa,HUS,Trường ĐH Khoa Học Tự Nhiên,Điểm thi THPT,Kế toán – Kiểm toán,A00,,22.55,19.66
A00,Toán – Lý – Hóa,HUS,Trường ĐH Khoa Học Tự Nhiên,Học bạ,Kế toán – Kiểm toán,A00,25.45,26.77,23.76
A00,Toán – Lý – Hóa,HUS,Trường ĐH Khoa Học Tự Nhiên,Điểm thi THPT,Y đa khoa,A00,22.85,21.73,21.76
A00,Toán – Lý – Hóa,HUS,Trường ĐH Khoa Học Tự Nhiên,ĐGNL,Kinh tế số,A00,20.48,29.23,26.78
A00,Toán – Lý – Hóa,HUS,Trường ĐH Khoa Học Tự Nhiên,Điểm thi THPT,Kinh tế số,A00,24.81,19.64,25.5
A00,Toán – Lý – Hóa,HUS,Trường ĐH Khoa Học Tự Nhiên,Điểm thi THPT,Tài chính – Ngân hàng,A00,21.93,21.83,21.87
A00,Toán – Lý – Hóa,HUS,Trường ĐH Khoa Học Tự Nhiên,ĐGNL,Công nghệ thông tin,A00,23.44,25.07,27.2
C01,Toán – Văn – Lý,BKH,Trường ĐH Bách Khoa Hà Nội,ĐGNL,Kinh tế số,C01,19.58,22.99,21.78
C01,Toán – Văn – Lý,BKH,Trường ĐH Bách Khoa Hà Nội,Học bạ,Luật thương mại quốc tế,C01,24.79,21.32,20.67
C01,Toán – Văn – Lý,BKH,Trường ĐH Bách Khoa Hà Nội,Học bạ,Toán học,C01,27.65,25.33,29.34
C01,Toán – Văn – Lý,BKH,Trường ĐH Bách Khoa Hà Nội,ĐGNL,Toán học,C01,18.64,26.57,19.15
C01,Toán – Văn – Lý,NTH,Trường ĐH Ngoại Thương,Học bạ,Khoa học máy tính,C01,18.81,20.37,24.76
C01,Toán – Văn – Lý,NTH,Trường ĐH Ngoại Thương,ĐGNL,Khoa học máy tính,C01,28.91,27.91,29.46
C01,Toán – Văn – Lý,NTH,Trường ĐH Ngoại Thương,ĐGNL,Kỹ thuật phần mềm,C01,28.84,19.14,22.67
C01,Toán – Văn – Lý,NTH,Trường ĐH Ngoại Thương,Học bạ,Kinh tế số,C01,19.44,23.59,20.29
C01,Toán – Văn – Lý,NTH,Trường ĐH Ngoại Thương,Điểm thi THPT,Kinh tế số,C01,,18.49,21.4
C01,Toán – Văn – Lý,NTH,Trường ĐH Ngoại Thương,Điểm thi THPT,Quản trị kinh doanh,C01,23.18,24.15,19.37
C01,Toán – Văn – Lý,NTH,Trường ĐH Ngoại Thương,ĐGNL,Kế toán – Kiểm toán,C01,19.95,,21.89
C01,Toán – Văn – Lý,NTH,Trường ĐH Ngoại Thương,Điểm thi THPT,Kế toán – Kiểm toán,C01,23.19,27.05,22.53
C01,Toán – Văn – Lý,NTH,Trường ĐH Ngoại Thương,Điểm thi THPT,Luật thương mại quốc tế,C01,21.25,,27.69
C01,Toán – Văn – Lý,NTH,Trường ĐH Ngoại Thương,ĐGNL,Luật thương mại quốc tế,C01,,,27.68
C01,Toán – Văn – Lý,NTH,Trường ĐH Ngoại Thương,Học bạ,Công nghệ thông tin,C01,25.12,,23.4
C01,Toán – Văn – Lý,NTH,Trường ĐH Ngoại Thương,Điểm thi THPT,Công nghệ thông tin,C01,27.81,22.44,18.84
C01,Toán – Văn – Lý,NTH,Trường ĐH Ngoại Thương,Học bạ,Tài chính – Ngân hàng,C01,,20.54,28.15
C01,Toán – Văn – Lý,NTH,Trường ĐH Ngoại Thương,Điểm thi THPT,Tài chính – Ngân hàng,C01,28.95,28.72,18.46
C01,Toán – Văn – Lý,NEU,Trường ĐH Kinh Tế Quốc Dân,Điểm thi THPT,Luật thương mại quốc tế,C01,24.08,18.82,26.75
C01,Toán – Văn – Lý,NEU,Trường ĐH Kinh Tế Quốc Dân,Học bạ,Luật thương mại quốc tế,C01,19.67,25.39,28.44
C01,Toán – Văn – Lý,NEU,Trường ĐH Kinh Tế Quốc Dân,Học bạ,Kỹ thuật phần mềm,C01,23.96,18.68,20.42
C01,Toán – Văn – Lý,NEU,Trường ĐH Kinh Tế Quốc Dân,Điểm thi THPT,Y đa khoa,C01,,25.93,19.33
C01,Toán – Văn – Lý,NEU,Trường ĐH Kinh Tế Quốc Dân,Học bạ,Quản trị kinh doanh,C01,27.89,19.78,27.03
C01,Toán – Văn – Lý,NEU,Trường ĐH Kinh Tế Quốc Dân,ĐGNL,Quản trị kinh doanh,C01,27.0,,18.85
C01,Toán – Văn – Lý,HMU,Trường ĐH Y Hà Nội,ĐGNL,Kế toán – Kiểm toán,C01,19.43,28.94,28.44
C01,Toán – Văn – Lý,HMU,Trường ĐH Y Hà Nội,Học bạ,Kế toán – Kiểm toán,C01,26.7,23.0,26.14
C01,Toán – Văn – Lý,HMU,Trường ĐH Y Hà Nội,Điểm thi THPT,Kinh tế số,C01,26.56,27.9,26.97
C01,Toán – Văn – Lý,HMU,Trường ĐH Y Hà Nội,Học bạ,Logistics,C01,27.2,24.49,20.56
C01,Toán – Văn – Lý,HMU,Trường ĐH Y Hà Nội,Điểm thi THPT,Logistics,C01,20.29,18.17,23.51
C01,Toán – Văn – Lý,FTU,Trường ĐH Ngoại Thương TP.HCM,Học bạ,Hóa học,C01,27.04,20.84,25.15
C01,Toán – Văn – Lý,FTU,Trường ĐH Ngoại Thương TP.HCM,ĐGNL,Hóa học,C01,22.94,21.43,26.92
C01,Toán – Văn – Lý,FTU,Trường ĐH Ngoại Thương TP.HCM,Điểm thi THPT,Marketing,C01,21.79,23.47,19.06
C01,Toán – Văn – Lý,FTU,Trường ĐH Ngoại Thương TP.HCM,Điểm thi THPT,Toán học,C01,20.58,25.49,21.2
C01,Toán – Văn – Lý,FTU,Trường ĐH Ngoại Thương TP.HCM,ĐGNL,Kỹ thuật phần mềm,C01,19.22,22.39,28.94
C01,Toán – Văn – Lý,FTU,Trường ĐH Ngoại Thương TP.HCM,Điểm thi THPT,Công nghệ thông tin,C01,19.25,24.33,24.08
C01,Toán – Văn – Lý,FTU,Trường ĐH Ngoại Thương TP.HCM,ĐGNL,Công nghệ thông tin,C01,22.83,19.33,20.97
C01,Toán – Văn – Lý,FTU,Trường ĐH Ngoại Thương TP.HCM,Học bạ,Khoa học máy tính,C01,19.07,27.51,21.04
C01,Toán – Văn – Lý,FTU,Trường ĐH Ngoại Thương TP.HCM,ĐGNL,Khoa học máy tính,C01,24.61,24.89,28.01
C01,Toán – Văn – Lý,FTU,Trường ĐH Ngoại Thương TP.HCM,Học bạ,Kinh tế quốc tế,C01,22.96,24.02,22.75
C01,Toán – Văn – Lý,FTU,Trường ĐH Ngoại Thương TP.HCM,ĐGNL,Kinh tế quốc tế,C01,20.01,28.06,20.27
C01,Toán – Văn – Lý,FTU,Trường ĐH Ngoại Thương TP.HCM,ĐGNL,Điều dưỡng,C01,24.26,24.79,22.33
C01,Toán – Văn – Lý,UEH,Trường ĐH Kinh Tế TP.HCM,ĐGNL,Điều dưỡng,C01,18.13,25.88,18.55
C01,Toán – Văn – Lý,UEH,Trường ĐH Kinh Tế TP.HCM,Học bạ,Hóa học,C01,27.31,,22.19
C01,Toán – Văn – Lý,UEH,Trường ĐH Kinh Tế TP.HCM,ĐGNL,Tài chính – Ngân hàng,C01,28.22,25.94,27.26
C01,Toán – Văn – Lý,UEH,Trường ĐH Kinh Tế TP.HCM,Học bạ,Tài chính – Ngân hàng,C01,,25.87,20.72
C01,Toán – Văn – Lý,UEH,Trường ĐH Kinh Tế TP.HCM,Học bạ,Công nghệ thông tin,C01,,19.99,26.91
C01,Toán – Văn – Lý,UEH,Trường ĐH Kinh Tế TP.HCM,Điểm thi THPT,Vật lý học,C01,18.25,,
C01,Toán – Văn – Lý,UEH,Trường ĐH Kinh Tế TP.HCM,Học bạ,Vật lý học,C01,28.13,20.16,22.34
C01,Toán – Văn – Lý,UEH,Trường ĐH Kinh Tế TP.HCM,Điểm thi THPT,Luật thương mại quốc tế,C01,,23.73,28.06
C01,Toán – Văn – Lý,UEH,Trường ĐH Kinh Tế TP.HCM,ĐGNL,Luật thương mại quốc tế,C01,26.49,19.84,24.75
C01,Toán – Văn – Lý,VNU,Trường ĐH Quốc Gia Hà Nội,Học bạ,Công nghệ thông tin,C01,28.37,23.92,25.7
C01,Toán – Văn – Lý,VNU,Trường ĐH Quốc Gia Hà Nội,Điểm thi THPT,Dược học,C01,27.01,25.37,20.83
C01,Toán – Văn – Lý,VNU,Trường ĐH Quốc Gia Hà Nội,ĐGNL,Kinh doanh quốc tế,C01,25.75,19.15,28.83
C01,Toán – Văn – Lý,VNU,Trường ĐH Quốc Gia Hà Nội,Học bạ,Kinh doanh quốc tế,C01,19.13,18.14,22.51
C01,Toán – Văn – Lý,VNU,Trường ĐH Quốc Gia Hà Nội,ĐGNL,Kinh tế quốc tế,C01,27.86,26.08,23.6
C01,Toán – Văn – Lý,VNU,Trường ĐH Quốc Gia Hà Nội,Học bạ,Kinh tế quốc tế,C01,21.05,26.5,19.23
C01,Toán – Văn – Lý,VNU,Trường ĐH Quốc Gia Hà Nội,Điểm thi THPT,Kinh tế số,C01,23.57,29.43,22.78
C01,Toán – Văn – Lý,VNU,Trường ĐH Quốc Gia Hà Nội,ĐGNL,Kinh tế số,C01,29.33,22.6,27.34
C01,Toán – Văn – Lý,VNU,Trường ĐH Quốc Gia Hà Nội,ĐGNL,Toán học,C01,25.93,,21.34
C01,Toán – Văn – Lý,VNU,Trường ĐH Quốc Gia Hà Nội,Điểm thi THPT,Toán học,C01,19.04,23.6,19.09
C01,Toán – Văn – Lý,HUS,Trường ĐH Khoa Học Tự Nhiên,Học bạ,Hóa học,C01,24.2,,
C01,Toán – Văn – Lý,HUS,Trường ĐH Khoa Học Tự Nhiên,Điểm thi THPT,Công nghệ thông tin,C01,28.55,26.5,23.73
C01,Toán – Văn – Lý,HUS,Trường ĐH Khoa Học Tự Nhiên,ĐGNL,Công nghệ thông tin,C01,28.69,18.37,23.75
C01,Toán – Văn – Lý,HUS,Trường ĐH Khoa Học Tự Nhiên,Học bạ,Vật lý học,C01,,22.76,
C01,Toán – Văn – Lý,HUS,Trường ĐH Khoa Học Tự Nhiên,Học bạ,Y đa khoa,C01,23.31,18.05,23.43
C01,Toán – Văn – Lý,HUS,Trường ĐH Khoa Học Tự Nhiên,ĐGNL,Y đa khoa,C01,25.33,22.51,28.5
C01,Toán – Văn – Lý,HUS,Trường ĐH Khoa Học Tự Nhiên,Học bạ,Điều dưỡng,C01,28.39,20.17,26.27
C01,Toán – Văn – Lý,HUS,Trường ĐH Khoa Học Tự Nhiên,Điểm thi THPT,Điều dưỡng,C01,22.75,26.8,23.82
C01,Toán – Văn – Lý,HUS,Trường ĐH Khoa Học Tự Nhiên,Học bạ,Kỹ thuật phần mềm,C01,22.24,22.52,25.39
C01,Toán – Văn – Lý,HUS,Trường ĐH Khoa Học Tự Nhiên,Điểm thi THPT,Kỹ thuật phần mềm,C01,20.85,21.84,25.44
C01,Toán – Văn – Lý,HUS,Trường ĐH Khoa Học Tự Nhiên,ĐGNL,Logistics,C01,24.29,27.03,21.15
C01,Toán – Văn – Lý,HUS,Trường ĐH Khoa Học Tự Nhiên,Điểm thi THPT,Logistics,C01,18.46,26.19,28.73
D01,Toán – Văn – Anh,BKH,Trường ĐH Bách Khoa Hà Nội,ĐGNL,Quản trị kinh doanh,D01,,24.85,28.68
D01,Toán – Văn – Anh,BKH,Trường ĐH Bách Khoa Hà Nội,Học bạ,Marketing,D01,,28.67,23.4
D01,Toán – Văn – Anh,BKH,Trường ĐH Bách Khoa Hà Nội,Điểm thi THPT,Marketing,D01,27.57,27.24,24.14
D01,Toán – Văn – Anh,BKH,Trường ĐH Bách Khoa Hà Nội,Học bạ,Vật lý học,D01,21.23,19.78,24.22
D01,Toán – Văn – Anh,NTH,Trường ĐH Ngoại Thương,Điểm thi THPT,Khoa học máy tính,D01,25.21,28.27,24.91
D01,Toán – Văn – Anh,NTH,Trường ĐH Ngoại Thương,Học bạ,Khoa học máy tính,D01,25.26,18.65,29.28
D01,Toán – Văn – Anh,NTH,Trường ĐH Ngoại Thương,ĐGNL,Công nghệ thông tin,D01,19.08,23.24,22.55
D01,Toán – Văn – Anh,NTH,Trường ĐH Ngoại Thương,Điểm thi THPT,Kế toán – Kiểm toán,D01,18.22,21.98,18.19
D01,Toán – Văn – Anh,NTH,Trường ĐH Ngoại Thương,Học bạ,Kế toán – Kiểm toán,D01,25.46,23.59,25.3
D01,Toán – Văn – Anh,NTH,Trường ĐH Ngoại Thương,Điểm thi THPT,Vật lý học,D01,28.36,27.48,20.1
D01,Toán – Văn – Anh,NTH,Trường ĐH Ngoại Thương,Học bạ,Logistics,D01,28.55,22.89,29.44
D01,Toán – Văn – Anh,NEU,Trường ĐH Kinh Tế Quốc Dân,ĐGNL,Khoa học máy tính,D01,,28.59,26.79
D01,Toán – Văn – Anh,NEU,Trường ĐH Kinh Tế Quốc Dân,ĐGNL,Điều dưỡng,D01,20.03,22.93,19.36
D01,Toán – Văn – Anh,NEU,Trường ĐH Kinh Tế Quốc Dân,Điểm thi THPT,Tài chính – Ngân hàng,D01,22.47,25.77,19.07
D01,Toán – Văn – Anh,NEU,Trường ĐH Kinh Tế Quốc Dân,ĐGNL,Tài chính – Ngân hàng,D01,18.31,29.01,24.48
D01,Toán – Văn – Anh,NEU,Trường ĐH Kinh Tế Quốc Dân,Điểm thi THPT,Hóa học,D01,27.19,25.98,27.56
D01,Toán – Văn – Anh,NEU,Trường ĐH Kinh Tế Quốc Dân,ĐGNL,Quản trị kinh doanh,D01,28.25,18.99,26.77
D01,Toán – Văn – Anh,NEU,Trường ĐH Kinh Tế Quốc Dân,Điểm thi THPT,Toán học,D01,,26.23,26.77
D01,Toán – Văn – Anh,NEU,Trường ĐH Kinh Tế Quốc Dân,ĐGNL,Vật lý học,D01,18.57,21.9,28.26
D01,Toán – Văn – Anh,NEU,Trường ĐH Kinh Tế Quốc Dân,ĐGNL,Y đa khoa,D01,24.61,25.18,27.58
D01,Toán – Văn – Anh,HMU,Trường ĐH Y Hà Nội,ĐGNL,Kinh doanh quốc tế,D01,24.39,27.03,26.01
D01,Toán – Văn – Anh,HMU,Trường ĐH Y Hà Nội,Học bạ,Kinh doanh quốc tế,D01,26.3,22.78,20.26
D01,Toán – Văn – Anh,HMU,Trường ĐH Y Hà Nội,ĐGNL,Luật thương mại quốc tế,D01,,29.02,21.86
D01,Toán – Văn – Anh,HMU,Trường ĐH Y Hà Nội,Học bạ,Luật thương mại quốc tế,D01,19.85,21.14,18.91
D01,Toán – Văn – Anh,HMU,Trường ĐH Y Hà Nội,Học bạ,Điều dưỡng,D01,23.31,23.84,21.15
D01,Toán – Văn – Anh,HMU,Trường ĐH Y Hà Nội,ĐGNL,Điều dưỡng,D01,,25.04,18.76
D01,Toán – Văn – Anh,HMU,Trường ĐH Y Hà Nội,Điểm thi THPT,Logistics,D01,,20.53,28.4
D01,Toán – Văn – Anh,HMU,Trường ĐH Y Hà Nội,Học bạ,Toán học,D01,27.81,,23.35
D01,Toán – Văn – Anh,HMU,Trường ĐH Y Hà Nội,ĐGNL,Kinh tế quốc tế,D01,19.34,21.84,27.76
D01,Toán – Văn – Anh,HMU,Trường ĐH Y Hà Nội,Học bạ,Kinh tế quốc tế,D01,20.19,21.92,18.21
D01,Toán – Văn – Anh,FTU,Trường ĐH Ngoại Thương TP.HCM,Học bạ,Kỹ thuật phần mềm,D01,,18.25,19.27
D01,Toán – Văn – Anh,FTU,Trường ĐH Ngoại Thương TP.HCM,Điểm thi THPT,Kỹ thuật phần mềm,D01,24.41,28.96,23.44
D01,Toán – Văn – Anh,FTU,Trường ĐH Ngoại Thương TP.HCM,Học bạ,Kế toán – Kiểm toán,D01,19.63,23.46,18.97
D01,Toán – Văn – Anh,FTU,Trường ĐH Ngoại Thương TP.HCM,Điểm thi THPT,Kinh doanh quốc tế,D01,21.02,28.81,28.3
D01,Toán – Văn – Anh,FTU,Trường ĐH Ngoại Thương TP.HCM,ĐGNL,Kinh tế số,D01,22.87,18.91,28.18
D01,Toán – Văn – Anh,FTU,Trường ĐH Ngoại Thương TP.HCM,Học bạ,Kinh tế số,D01,22.55,27.31,21.2
D01,Toán – Văn – Anh,FTU,Trường ĐH Ngoại Thương TP.HCM,ĐGNL,Kinh tế quốc tế,D01,25.74,24.81,20.21
D01,Toán – Văn – Anh,FTU,Trường ĐH Ngoại Thương TP.HCM,Học bạ,Khoa học máy tính,D01,21.69,18.56,19.47
D01,Toán – Văn – Anh,FTU,Trường ĐH Ngoại Thương TP.HCM,Điểm thi THPT,Khoa học máy tính,D01,24.21,,25.78
D01,Toán – Văn – Anh,UEH,Trường ĐH Kinh Tế TP.HCM,ĐGNL,Y đa khoa,D01,23.78,23.73,20.25
D01,Toán – Văn – Anh,UEH,Trường ĐH Kinh Tế TP.HCM,Điểm thi THPT,Điều dưỡng,D01,22.74,18.94,
D01,Toán – Văn – Anh,UEH,Trường ĐH Kinh Tế TP.HCM,Học bạ,Điều dưỡng,D01,25.36,23.04,24.44
D01,Toán – Văn – Anh,UEH,Trường ĐH Kinh Tế TP.HCM,ĐGNL,Kỹ thuật phần mềm,D01,21.65,,22.27
D01,Toán – Văn – Anh,UEH,Trường ĐH Kinh Tế TP.HCM,Điểm thi THPT,Khoa học máy tính,D01,20.7,20.02,27.35
D01,Toán – Văn – Anh,UEH,Trường ĐH Kinh Tế TP.HCM,Điểm thi THPT,Công nghệ thông tin,D01,20.39,20.67,28.27
D01,Toán – Văn – Anh,UEH,Trường ĐH Kinh Tế TP.HCM,ĐGNL,Công nghệ thông tin,D01,,23.97,19.54
D01,Toán – Văn – Anh,UEH,Trường ĐH Kinh Tế TP.HCM,Học bạ,Quản trị kinh doanh,D01,,25.38,19.65
D01,Toán – Văn – Anh,UEH,Trường ĐH Kinh Tế TP.HCM,ĐGNL,Logistics,D01,23.09,22.9,23.55
D01,Toán – Văn – Anh,UEH,Trường ĐH Kinh Tế TP.HCM,Điểm thi THPT,Kinh tế số,D01,25.08,24.08,25.04
D01,Toán – Văn – Anh,VNU,Trường ĐH Quốc Gia Hà Nội,Học bạ,Kinh tế số,D01,24.04,22.08,24.48
D01,Toán – Văn – Anh,VNU,Trường ĐH Quốc Gia Hà Nội,Điểm thi THPT,Kinh tế số,D01,27.08,20.17,27.49
D01,Toán – Văn – Anh,VNU,Trường ĐH Quốc Gia Hà Nội,Học bạ,Kỹ thuật phần mềm,D01,23.57,23.31,20.45
D01,Toán – Văn – Anh,VNU,Trường ĐH Quốc Gia Hà Nội,ĐGNL,Logistics,D01,25.94,27.5,
D01,Toán – Văn – Anh,VNU,Trường ĐH Quốc Gia Hà Nội,Học bạ,Logistics,D01,28.52,19.98,24.48
D01,Toán – Văn – Anh,VNU,Trường ĐH Quốc Gia Hà Nội,Điểm thi THPT,Công nghệ thông tin,D01,26.85,,21.94
D01,Toán – Văn – Anh,VNU,Trường ĐH Quốc Gia Hà Nội,Điểm thi THPT,Kế toán – Kiểm toán,D01,26.95,25.49,23.85
D01,Toán – Văn – Anh,VNU,Trường ĐH Quốc Gia Hà Nội,ĐGNL,Kế toán – Kiểm toán,D01,28.64,19.83,23.49
D01,Toán – Văn – Anh,VNU,Trường ĐH Quốc Gia Hà Nội,Điểm thi THPT,Tài chính – Ngân hàng,D01,23.46,18.85,22.59
D01,Toán – Văn – Anh,VNU,Trường ĐH Quốc Gia Hà Nội,ĐGNL,Khoa học máy tính,D01,25.48,27.27,23.87
D01,Toán – Văn – Anh,HUS,Trường ĐH Khoa Học Tự Nhiên,Học bạ,Vật lý học,D01,26.28,26.92,20.1
D01,Toán – Văn – Anh,HUS,Trường ĐH Khoa Học Tự Nhiên,Điểm thi THPT,Vật lý học,D01,28.35,24.19,26.48
D01,Toán – Văn – Anh,HUS,Trường ĐH Khoa Học Tự Nhiên,Học bạ,Dược học,D01,21.51,22.05,18.17
D01,Toán – Văn – Anh,HUS,Trường ĐH Khoa Học Tự Nhiên,ĐGNL,Dược học,D01,,19.43,25.29
D01,Toán – Văn – Anh,HUS,Trường ĐH Khoa Học Tự Nhiên,Điểm thi THPT,Điều dưỡng,D01,23.67,21.25,29.44
D01,Toán – Văn – Anh,HUS,Trường ĐH Khoa Học Tự Nhiên,ĐGNL,Công nghệ thông tin,D01,21.64,22.65,18.93
D01,Toán – Văn – Anh,HUS,Trường ĐH Khoa Học Tự Nhiên,ĐGNL,Y đa khoa,D01,25.27,26.89,20.53
D01,Toán – Văn – Anh,HUS,Trường ĐH Khoa Học Tự Nhiên,Học bạ,Y đa khoa,D01,,20.64,25.92
D01,Toán – Văn – Anh,HUS,Trường ĐH Khoa Học Tự Nhiên,Điểm thi THPT,Tài chính – Ngân hàng,D01,25.71,,26.28
D01,Toán – Văn – Anh,HUS,Trường ĐH Khoa Học Tự Nhiên,ĐGNL,Tài chính – Ngân hàng,D01,,28.88,20.15
D01,Toán – Văn – Anh,HUS,Trường ĐH Khoa Học Tự Nhiên,Điểm thi THPT,Khoa học máy tính,D01,,23.88,28.08
D07,Toán – Hóa – Anh,BKH,Trường ĐH Bách Khoa Hà Nội,Học bạ,Marketing,D07,21.6,22.69,25.17
D07,Toán – Hóa – Anh,BKH,Trường ĐH Bách Khoa Hà Nội,Điểm thi THPT,Logistics,D07,27.82,27.58,29.32
D07,Toán – Hóa – Anh,BKH,Trường ĐH Bách Khoa Hà Nội,Điểm thi THPT,Y đa khoa,D07,19.07,25.11,25.88
D07,Toán – Hóa – Anh,BKH,Trường ĐH Bách Khoa Hà Nội,Học bạ,Tài chính – Ngân hàng,D07,28.15,25.54,28.96
D07,Toán – Hóa – Anh,NTH,Trường ĐH Ngoại Thương,Học bạ,Tài chính – Ngân hàng,D07,26.73,28.75,22.31
D07,Toán – Hóa – Anh,NTH,Trường ĐH Ngoại Thương,ĐGNL,Kinh tế quốc tế,D07,26.89,21.19,22.57
D07,Toán – Hóa – Anh,NTH,Trường ĐH Ngoại Thương,Học bạ,Kinh tế quốc tế,D07,28.0,27.03,24.59
D07,Toán – Hóa – Anh,NTH,Trường ĐH Ngoại Thương,Điểm thi THPT,Vật lý học,D07,26.28,23.75,20.98
D07,Toán – Hóa – Anh,NTH,Trường ĐH Ngoại Thương,Học bạ,Vật lý học,D07,18.15,18.51,27.46
D07,Toán – Hóa – Anh,NTH,Trường ĐH Ngoại Thương,Học bạ,Toán học,D07,27.31,25.58,
D07,Toán – Hóa – Anh,NTH,Trường ĐH Ngoại Thương,Điểm thi THPT,Toán học,D07,,27.27,22.16
D07,Toán – Hóa – Anh,NTH,Trường ĐH Ngoại Thương,Học bạ,Điều dưỡng,D07,22.15,18.36,20.78
D07,Toán – Hóa – Anh,NEU,Trường ĐH Kinh Tế Quốc Dân,ĐGNL,Khoa học máy tính,D07,25.25,25.0,26.71
D07,Toán – Hóa – Anh,NEU,Trường ĐH Kinh Tế Quốc Dân,Học bạ,Dược học,D07,25.94,27.4,27.96
D07,Toán – Hóa – Anh,NEU,Trường ĐH Kinh Tế Quốc Dân,Điểm thi THPT,Dược học,D07,22.38,,27.55
D07,Toán – Hóa – Anh,NEU,Trường ĐH Kinh Tế Quốc Dân,Điểm thi THPT,Vật lý học,D07,21.6,,24.9
D07,Toán – Hóa – Anh,HMU,Trường ĐH Y Hà Nội,Điểm thi THPT,Quản trị kinh doanh,D07,20.53,19.72,29.35
D07,Toán – Hóa – Anh,HMU,Trường ĐH Y Hà Nội,Học bạ,Quản trị kinh doanh,D07,28.87,,28.19
D07,Toán – Hóa – Anh,HMU,Trường ĐH Y Hà Nội,Học bạ,Công nghệ thông tin,D07,,24.87,23.1
D07,Toán – Hóa – Anh,HMU,Trường ĐH Y Hà Nội,Điểm thi THPT,Khoa học máy tính,D07,21.92,,18.38
D07,Toán – Hóa – Anh,HMU,Trường ĐH Y Hà Nội,ĐGNL,Khoa học máy tính,D07,,27.7,19.1
D07,Toán – Hóa – Anh,HMU,Trường ĐH Y Hà Nội,ĐGNL,Logistics,D07,24.95,26.26,21.85
D07,Toán – Hóa – Anh,HMU,Trường ĐH Y Hà Nội,Học bạ,Logistics,D07,21.72,,21.06
D07,Toán – Hóa – Anh,HMU,Trường ĐH Y Hà Nội,Điểm thi THPT,Kinh tế quốc tế,D07,18.5,22.9,18.62
D07,Toán – Hóa – Anh,HMU,Trường ĐH Y Hà Nội,Điểm thi THPT,Vật lý học,D07,19.33,27.37,18.47
D07,Toán – Hóa – Anh,FTU,Trường ĐH Ngoại Thương TP.HCM,Học bạ,Marketing,D07,,18.78,19.14
D07,Toán – Hóa – Anh,FTU,Trường ĐH Ngoại Thương TP.HCM,Học bạ,Kế toán – Kiểm toán,D07,24.81,28.48,18.4
D07,Toán – Hóa – Anh,FTU,Trường ĐH Ngoại Thương TP.HCM,Điểm thi THPT,Kế toán – Kiểm toán,D07,,29.09,27.49
D07,Toán – Hóa – Anh,FTU,Trường ĐH Ngoại Thương TP.HCM,Học bạ,Hóa học,D07,22.34,22.92,
D07,Toán – Hóa – Anh,FTU,Trường ĐH Ngoại Thương TP.HCM,Điểm thi THPT,Hóa học,D07,21.98,19.69,27.69
D07,Toán – Hóa – Anh,FTU,Trường ĐH Ngoại Thương TP.HCM,ĐGNL,Công nghệ thông tin,D07,18.98,28.46,27.17
D07,Toán – Hóa – Anh,FTU,Trường ĐH Ngoại Thương TP.HCM,Học bạ,Quản trị kinh doanh,D07,19.03,22.93,23.17
D07,Toán – Hóa – Anh,FTU,Trường ĐH Ngoại Thương TP.HCM,Điểm thi THPT,Quản trị kinh doanh,D07,26.32,29.13,22.23
D07,Toán – Hóa – Anh,FTU,Trường ĐH Ngoại Thương TP.HCM,ĐGNL,Kỹ thuật phần mềm,D07,28.74,28.98,27.73
D07,Toán – Hóa – Anh,UEH,Trường ĐH Kinh Tế TP.HCM,Điểm thi THPT,Quản trị kinh doanh,D07,18.24,28.11,27.69
D07,Toán – Hóa – Anh,UEH,Trường ĐH Kinh Tế TP.HCM,ĐGNL,Quản trị kinh doanh,D07,20.27,19.24,25.85
D07,Toán – Hóa – Anh,UEH,Trường ĐH Kinh Tế TP.HCM,Học bạ,Kỹ thuật phần mềm,D07,20.24,,23.21
D07,Toán – Hóa – Anh,UEH,Trường ĐH Kinh Tế TP.HCM,Điểm thi THPT,Kỹ thuật phần mềm,D07,20.14,28.2,23.24
D07,Toán – Hóa – Anh,UEH,Trường ĐH Kinh Tế TP.HCM,Điểm thi THPT,Tài chính – Ngân hàng,D07,28.53,20.02,24.54
D07,Toán – Hóa – Anh,UEH,Trường ĐH Kinh Tế TP.HCM,Học bạ,Dược học,D07,29.17,21.54,19.19
D07,Toán – Hóa – Anh,UEH,Trường ĐH Kinh Tế TP.HCM,Điểm thi THPT,Dược học,D07,27.63,22.47,18.02
D07,Toán – Hóa – Anh,VNU,Trường ĐH Quốc Gia Hà Nội,Điểm thi THPT,Tài chính – Ngân hàng,D07,,29.12,19.69
D07,Toán – Hóa – Anh,VNU,Trường ĐH Quốc Gia Hà Nội,ĐGNL,Tài chính – Ngân hàng,D07,18.93,18.0,22.03
D07,Toán – Hóa – Anh,VNU,Trường ĐH Quốc Gia Hà Nội,Điểm thi THPT,Marketing,D07,,18.85,18.16
D07,Toán – Hóa – Anh,VNU,Trường ĐH Quốc Gia Hà Nội,Học bạ,Kỹ thuật phần mềm,D07,,25.65,27.59
D07,Toán – Hóa – Anh,VNU,Trường ĐH Quốc Gia Hà Nội,Điểm thi THPT,Khoa học máy tính,D07,22.58,26.99,26.51
D07,Toán – Hóa – Anh,VNU,Trường ĐH Quốc Gia Hà Nội,ĐGNL,Kinh doanh quốc tế,D07,18.83,28.31,25.82
D07,Toán – Hóa – Anh,VNU,Trường ĐH Quốc Gia Hà Nội,Học bạ,Vật lý học,D07,26.74,,23.7
D07,Toán – Hóa – Anh,VNU,Trường ĐH Quốc Gia Hà Nội,Điểm thi THPT,Vật lý học,D07,23.42,24.0,22.26
D07,Toán – Hóa – Anh,VNU,Trường ĐH Quốc Gia Hà Nội,Học bạ,Điều dưỡng,D07,19.15,28.52,
D07,Toán – Hóa – Anh,HUS,Trường ĐH Khoa Học Tự Nhiên,ĐGNL,Khoa học máy tính,D07,26.06,,18.22
D07,Toán – Hóa – Anh,HUS,Trường ĐH Khoa Học Tự Nhiên,Điểm thi THPT,Khoa học máy tính,D07,29.47,18.07,24.1
D07,Toán – Hóa – Anh,HUS,Trường ĐH Khoa Học Tự Nhiên,ĐGNL,Quản trị kinh doanh,D07,21.48,,29.29
D07,Toán – Hóa – Anh,HUS,Trường ĐH Khoa Học Tự Nhiên,Học bạ,Kinh tế quốc tế,D07,,24.78,21.14
D07,Toán – Hóa – Anh,HUS,Trường ĐH Khoa Học Tự Nhiên,ĐGNL,Kinh tế quốc tế,D07,24.95,28.77,23.72
D07,Toán – Hóa – Anh,HUS,Trường ĐH Khoa Học Tự Nhiên,Học bạ,Dược học,D07,24.52,25.09,19.31
D07,Toán – Hóa – Anh,HUS,Trường ĐH Khoa Học Tự Nhiên,Điểm thi THPT,Tài chính – Ngân hàng,D07,28.41,27.27,28.83
D07,Toán – Hóa – Anh,HUS,Trường ĐH Khoa Học Tự Nhiên,ĐGNL,Tài chính – Ngân hàng,D07,20.28,21.71,28.26
